Campaign,Keyword,Criterion Type
TC | Busqueda | CABA,phone repair,Campaign Negative Phrase
TC | Busqueda | CABA,cell phone,Campaign Negative Phrase
TC | Busqueda | CABA,near me,Campaign Negative Phrase
TC | Busqueda | CABA,repair shop,Campaign Negative Phrase
TC | Busqueda | CABA,iphone repair,Campaign Negative Phrase
TC | Busqueda | CABA,conserto,Campaign Negative Phrase
TC | Busqueda | CABA,aparelho,Campaign Negative Phrase
TC | Busqueda | CABA,assistencia,Campaign Negative Phrase
TC | Busqueda | CABA,perto de mim,Campaign Negative Phrase
TC | Busqueda | CABA,celular perto,Campaign Negative Phrase
TC | Busqueda | CABA,curso,Campaign Negative Phrase
TC | Busqueda | CABA,cursos,Campaign Negative Phrase
TC | Busqueda | CABA,capacitacion,Campaign Negative Phrase
TC | Busqueda | CABA,aprender,Campaign Negative Phrase
TC | Busqueda | CABA,tutorial,Campaign Negative Phrase
TC | Busqueda | CABA,como reparar,Campaign Negative Phrase
TC | Busqueda | CABA,como arreglar,Campaign Negative Phrase
TC | Busqueda | CABA,como cambiar,Campaign Negative Phrase
TC | Busqueda | CABA,paso a paso,Campaign Negative Phrase
TC | Busqueda | CABA,manual,Campaign Negative Phrase
TC | Busqueda | CABA,diy,Campaign Negative Phrase
TC | Busqueda | CABA,hazlo tu mismo,Campaign Negative Phrase
TC | Busqueda | CABA,empleo,Campaign Negative Phrase
TC | Busqueda | CABA,trabajo,Campaign Negative Phrase
TC | Busqueda | CABA,vacante,Campaign Negative Phrase
TC | Busqueda | CABA,busco trabajo,Campaign Negative Phrase
TC | Busqueda | CABA,tecnico se ofrece,Campaign Negative Phrase
TC | Busqueda | CABA,sueldo,Campaign Negative Phrase
TC | Busqueda | CABA,repuestos,Campaign Negative Phrase
TC | Busqueda | CABA,repuesto,Campaign Negative Phrase
TC | Busqueda | CABA,mayorista,Campaign Negative Phrase
TC | Busqueda | CABA,al por mayor,Campaign Negative Phrase
TC | Busqueda | CABA,distribuidor,Campaign Negative Phrase
TC | Busqueda | CABA,comprar pantalla,Campaign Negative Phrase
TC | Busqueda | CABA,comprar bateria,Campaign Negative Phrase
TC | Busqueda | CABA,venta de repuestos,Campaign Negative Phrase
TC | Busqueda | CABA,comprar,Campaign Negative Phrase
TC | Busqueda | CABA,venta,Campaign Negative Phrase
TC | Busqueda | CABA,vendo,Campaign Negative Phrase
TC | Busqueda | CABA,usado,Campaign Negative Phrase
TC | Busqueda | CABA,usados,Campaign Negative Phrase
TC | Busqueda | CABA,segunda mano,Campaign Negative Phrase
TC | Busqueda | CABA,precio de celulares,Campaign Negative Phrase
TC | Busqueda | CABA,cuanto sale un iphone,Campaign Negative Phrase
TC | Busqueda | CABA,plan canje,Campaign Negative Phrase
TC | Busqueda | CABA,liberar,Campaign Negative Phrase
TC | Busqueda | CABA,liberacion,Campaign Negative Phrase
TC | Busqueda | CABA,desbloquear,Campaign Negative Phrase
TC | Busqueda | CABA,desbloqueo,Campaign Negative Phrase
TC | Busqueda | CABA,imei,Campaign Negative Phrase
TC | Busqueda | CABA,icloud,Campaign Negative Phrase
TC | Busqueda | CABA,cuenta google,Campaign Negative Phrase
TC | Busqueda | CABA,formatear,Campaign Negative Phrase
TC | Busqueda | CABA,recuperar contrasena,Campaign Negative Phrase
TC | Busqueda | CABA,espiar,Campaign Negative Phrase
TC | Busqueda | CABA,hackear,Campaign Negative Phrase
TC | Busqueda | CABA,rastrear,Campaign Negative Phrase
TC | Busqueda | CABA,gratis,Campaign Negative Phrase
TC | Busqueda | CABA,sin cargo,Campaign Negative Phrase
TC | Busqueda | CABA,regalado,Campaign Negative Phrase
TC | Busqueda | CABA,barato,Campaign Negative Phrase
TC | Busqueda | CABA,mas barato,Campaign Negative Phrase
TC | Busqueda | CABA,economico,Campaign Negative Phrase
TC | Busqueda | CABA,movistar,Campaign Negative Phrase
TC | Busqueda | CABA,personal,Campaign Negative Phrase
TC | Busqueda | CABA,claro,Campaign Negative Phrase
TC | Busqueda | CABA,samsung oficial,Campaign Negative Phrase
TC | Busqueda | CABA,apple store,Campaign Negative Phrase
TC | Busqueda | CABA,garantia oficial,Campaign Negative Phrase
